Harry Potter,harry@hp.com,Gryffindor
Hermione Granger,hermione@hp.com,Gryffindor
Neville Longbottom,neville@hp.com,Gryffindor
Ron Weasley,ron@hp.com,Gryffindor
Sirius Black,sirius@hp.com,Gryffindor
Cedric Diggory,cedric@hp.com,Hufflepuff
Nymphadora Tonks,nymphadora@hp.com,Hufflepuff
Luna Lovegood,luna@hp.com,Ravenclaw
Xenophilius Lovegood,xenophilius@hp.com,Ravenclaw
Lucius Malfoy,lucius@hp.com,Slytherin
Draco Malfoy,draco@hp.com,Slytherin
Severus Snape,severus@hp.com,Slytherin